ID   ;SEX; NAME
14; F ; Kristin LeMoine
16; F ; Alys AtteWater
17; M ; Gord Mackenzie
19; F ; Kara Shallenberg
20; F ; Gesine
22; F ; Michelle Crandall
23; F ; Anita Roy Dobbs
25; M ; John Gonzalez
26; M ; Denny Sayers
27; M ; Sean McKinley
28; F ; Kristin Hughes
29; M ; Linton
30; F ; Annie Coleman Rothenberg
31; M ; Martin Clifton
32; F ; Betsie Bush
36; M ; Chip
37; M ; wolvrin
38; M ; R. Francis Smith
39; F ; Sherry Crowther
40; F ; Vicki Barbour
44; F ; travelbratd
45; F ; Kelly Bescherer
46; M ; Aaron Hochwimmer
47; F ; Amanda
49; M ; vrk74
51; M ; rakkar
52; F ; Luisa Hall
54; F ; Westwinds12
55; M ; David Jaquay
56; F ; Kirsten Ferreri
57; F ; Ophelia Darcy
58; M ; George Coutts
60; M ; Simon
61; M ; Paul-Gabriel Wiener
62; M ; Faris
64; F ; Robin Cotter
65; F ; chriss the girl
66; M ; Alex Foster
70; M ; Kurt Copeland
75; M ; Jim Mowatt
77; F ; JemmaBlythe
78; M ; Hugh McGuire
79; F ; Jennifer Crispin
81; M ; Aaron Decker
82; F ; Marlo Dianne
83; F ; Catharine Eastman
84; F ; Christie Nowak
85; M ; David Leaman
87; F ; Rosalind Wills
89; F ; Kristen McQuillin
90; M ; Dan Threetrees
91; M ; Stephan Mobius
92; F ; Cori Samuel
93; F ; Kathy
94; M ; David Barnes
98; F ; Patricia Oakley
100; F ; Judy Bieber
101; M ; paulino
102; F ; Linda Leu
103; F ; Karen Savage
104; F ; Laura M.D.
107; M ; John Greenman
110; F ; Cynthia Lyons (1946-2011)
111; F ; Linda Wilcox
112; F ; Christiane Levesque
114; F ; Jen Kidd
115; F ; Maddie
116; M ; Steven Collins
118; M ; Alex Buie
119; M ; Alex Patterson
121; F ; Nikolle Doolin
122; M ; J.C.
123; F ; Ezwa
125; F ; Claire Goget
126; F ; Susan Denney
127; M ; John Hicken
128; M ; ML Cohen
133; M ; Mick
147; M ; Thomas Hoover
149; M ; Joshua Young
150; F ; Fox in the Stars
151; F ; Gwen
152; M ; Andy Minter
153; M ; Graham Williams
154; M ; Robert Foster
157; M ; Ben Douglas
159; M ; hugh mac
161; M ; Cyril Law, Jr
163; M ; Andrew Miller
166; F ; Paula Berinstein
167; M ; Peter Yearsley
168; M ; Chris Goringe
173; F ; vlooi
174; M ; Peter Eastman
175; F ; Meredith Hughes
176; M ; Vinny Bove
177; F ; Kymm Zuckert
188; F ; Mary Anderson
192; F ; Deborah Clark
196; M ; Stewart Wills
198; F ; Heather Barnett
199; F ; Maria Morabe
200; F ; Maureen S. O'Brien
201; M ; Joplin James
202; F ; Geetu Melwani
203; F ; Marian Brown
204; M ; Mark F. Smith
205; F ; Esther
207; M ; Kevin McAsh
208; F ; Andrea L
209; F ; Moira Fogarty
210; M ; Aldark
211; F ; shanda_w
215; F ; Alice Elizabeth Still
216; M ; Thomas Davoren
217; F ; firefly
218; M ; Kelly Clear
224; F ; Caitlin Kelly
225; F ; Brenda Dayne
226; F ; Deb Bacon-Ziegler
227; F ; Sarah Key-DeLyria
228; F ; Arctura
229; M ; carnright
231; M ; Sean McGaughey
233; M ; Steve Karafit
237; F ; rachelellen
238; F ; Maria Elmvang
240; M ; Shurtagal
242; F ; Cagirlwithasoutherndrawl
243; F ; Jennifer Stearns
245; M ; Peter of Buckinghamshire England
246; F ; Beth Dudek
248; F ; Becky Miller
249; M ; pww214
250; F ; Mary Reagan
251; M ; Mark Nelson
252; M ; Rainer
253; M ; Stefan Schmelz
254; M ; Alan Davis Drake (1945-2010)
255; M ; Chris Hawk
258; M ; Kurt Wong
260; M ; Brad Bush
263; M ; Michael Sirois
264; M ; Chris Hughes
265; M ; Janice
272; M ; Mr. Baby Man
273; M ; Jim Cadwell
274; F ; Eileen George
277; F ; Alessia
278; F ; AliceG
283; M ; Asaf Bartov
288; F ; Bookworm
289; F ; Barbara Wedge
294; F ; Calliope
296; M ; Carl Manchester
298; F ; Caroline Morse
302; F ; Chris Peterson
303; M ; Tony Hightower
307; M ; Randy Phillips
310; F ; Dexnell Peters
311; M ; deadwhitemales
313; F ; Dilini Jayasinghe
317; M ; Mike Gardom
318; F ; Eileen aka e
319; M ; Ed Good
322; F ; Elisabeth Shields
323; F ; Erica Kuntz
328; F ; Elizabeth Palmer
329; M ; Todd Cranston-Cuebas
331; M ; Richard Grove
332; M ; Aaron Teiser
335; M ; Paul Harvey
336; M ; Harvey Chinn
337; F ; Barbara Harvey
339; F ; Heather Ordover
340; M ; Scott Henkel
345; M ; Micah Sheppard
348; M ; ianish
353; M ; Jamey Osborne
359; M ; John Nicholson
362; F ; Judith Brown
365; M ; Jon Ingram
366; F ; Katy Preston
367; F ; Kathleen Dang
369; M ; Kevin Readdean
373; F ; Kim Braun
374; M ; kumarei
377; M ; Lenny Glionna Jr.
380; F ; Laurie Campbell
392; F ; Maria Celano
398; M ; James Smith
402; F ; Sharmini Kumar
403; F ; Nocturna
404; F ; Nomenphile
405; M ; Eric Dennison
408; F ; Claudine Chen
409; M ; Mike Kauffmann
412; M ; Brian Roberg
413; M ; Daniel Watkins
421; M ; Patrick
422; M ; President Lethe
426; F ; Norah Piehl
428; M ; Rayburn Beale
432; M ; Steve Andersen
434; F ; Joyce Nussbaum
439; M ; Robert Garrison
441; F ; Sandra in Wales, United Kingdom
444; F ; Sage Tyrtle
445; M ; Dave Foss
446; M ; Steve Hartzog
448; F ; scrappylibrarian
451; F ; Sonserae Leese-Calver
453; M ; Glen Hallstrom
454; M ; Tom Yates
458; M ; Scott Splavec
459; M ; Mark Bradford
460; M ; Dave Ranson
464; M ; Mike Wilson
466; F ; Joy Chan
470; M ; Chris Chapman
472; F ; Tina Tilney
474; M ; Zachary Brewster-Geisz
475; M ; Jason X.
476; M ; Chuck Spann
479; F ; wedschild
480; M ; Chris Vee
481; M ; Neal Foley
483; F ; junk science
487; M ; Clayton J. Smith
489; F ; Tora
492; M ; TBOL3
497; M ; audiotoshokan
500; M ; galaxiant
501; M ; mikenkat
505; M ; Menno
510; M ; Kirk Thomas
511; M ; Matthew Shepherd
512; M ; Anthony Craine
517; M ; Matthew Walton
525; F ; Victoria Long
533; F ; Ana Simao
534; F ; Jean O'Sullivan
542; M ; J. Hall
543; M ; Ted Delorme
544; M ; bozgeez
548; M ; Chris Mitchell
549; F ; SarahHadley
551; M ; Guntar
557; M ; fieldsofgold
559; M ; Bill Stackpole
561; M ; Quentin
567; M ; Aaron Benedict
568; M ; JD Weber
569; M ; Frank
572; M ; Rebecca Dittman
576; F ; Caroline Mercier
580; M ; Ryan
581; M ; C. Berrius
583; M ; Russ Maxwell
584; F ; miette
585; F ; pheo
587; F ; Joy Scaglione
589; F ; Stephanie Konig
593; M ; Eric S. Piotrowski
594; M ; KentF
596; F ; Carol Goode
597; F ; Lisa Chau
598; F ; Kim
606; M ; Julian Jamison
608; F ; Baranduin
612; F ; Cindy Steib
613; M ; D.E. Wittkower
614; F ; Christine Blachford
622; M ; Andrew Lebrun
625; M ; toriasuncle
636; F ; Zale Schafer (Rose May Chamberlin Memorial Foundat
637; M ; Michael Scherer
639; M ; Robert Beach
644; M ; Daniele
652; M ; Scott Walter
663; M ; Bruce Stafford
664; F ; Wendy G.
666; F ; Monique
667; F ; Bethany Simpson
669; F ; Anne
671; M ; koijmonop
672; M ; Taylor Burton-Edward
679; M ; rhodian
681; F ; Lucy Burgoyne
684; F ; Lizzie Driver
688; F ; J. M. Smallheer
690; F ; Silver
696; F ; Tamara R. Schwartz
698; F ; Randi Warwick
699; F ; Diana Kiesners
700; F ; Susan Hooks
705; F ; eva
707; M ; Jason Mayoff
708; M ; Kevin Devine
711; M ; Roy Schreiber
712; M ; Michael Shook
713; F ; Onjana Yawnghwe
716; M ; martyd
718; M ; clarknova
720; M ; Peter Gallagher
724; M ; Michael Crowl
726; M ; Paul
727; M ; Andrew Richards
728; M ; Eric Connover
730; F ; Karen Labenz
731; F ; Megan-Jane Daniels Suyasu
737; M ; Roger W. Barnett
742; M ; Peter Groom
753; M ; Tim Bulkeley
764; M ; Carl Vonnoh, III
766; M ; Jean Crevier
770; M ; Justin S Barrett
774; F ; Sara Walsh
777; M ; fling93
778; M ; Branko Collin
779; M ; Greg
780; M ; Lloyd Davis
781; M ; Mitchell Dwyer
782; F ; Michele Pacey
783; F ; Gina
789; F ; Eva
791; M ; Ivan
792; F ; mjd-s
797; M ; Mike Shapiro
803; M ; Greg Elmensdorp
806; M ; Aaron Andradne
807; M ; Luke Venediger
810; M ; Joseph Loverti
811; F ; Elizabeth
815; M ; mawrtea
816; M ; Jeff Robinson
820; M ; Scoot
826; M ; Thomas Wells
829; F ; frenchfry
830; F ; sebrazer
831; M ; Nick Gallant
834; F ; nausicaa
835; M ; echo
836; M ; Kevin LaVergne
839; M ; rovert405
844; F ; Martina
845; M ; DaveF
846; M ; Anadaxis_Canejia
850; M ; tonypettit
851; M ; brenthumphries
868; M ; Mike Rosenlof
876; F ; Alisha
882; F ; Mur Lafferty
884; M ; sayeth
886; M ; Paul S. Jenkins
887; F ; Lana Taylor
895; M ; Max Porter Zasada
899; M ; thomahal
908; M ; Sam Stinson
909; M ; Greg Bryant
911; M ; frankjf
915; M ; Ted Kaouk
920; F ; Sarah Bean
921; M ; Brian J. Callaghan
922; M ; Steven H. Wilson
923; F ; Layna
925; F ; pattymarie
927; M ; Nerijus
937; F ; Susie G.
948; F ; Chere Theriot
949; M ; ontheroad
951; F ; thomasina
953; M ; Jim Mullins
954; M ; Brooks Seveer
956; F ; krithiga
957; M ; iscatel
960; F ; Marloes Schoonheim
964; M ; Paul Sze
968; F ; Pat Elder
969; M ; Czechchris
976; F ; Alison Raouf
978; M ; Rick Box
979; F ; Kelli Robinson
982; M ; Mike Roop
984; M ; J A Carter
985; M ; George Pilling
986; M ; Michael Kirkpatrick
1001; M ; Eric
1006; F ; Marta Kornowska
1012; F ; Lizzie Oldfather
1018; M ; JimmyLogan
1025; M ; rdmagpie
1027; M ; Brooks Jensen
1028; M ; Tim Lundeen
1031; F ; swroot
1034; M ; Kevin O'Coin
1040; M ; John Garvin
1046; M ; durnburr
1049; M ; Sam Fold
1050; F ; entada
1051; F ; E. Moulton
1052; F ; Kathy Jacobs
1053; F ; katyleah
1054; F ; Igor Teaforay
1058; M ; James Tiley
1060; F ; Val Grimm
1061; F ; Missie
1065; M ; Justin Brett
1066; F ; Laurie Anne Walden
1069; F ; Dawn
1079; F ; Mary aka Breadchick
1081; M ; Fracture
1084; F ; Nichole Karl
1085; M ; hefyd
1088; F ; Christabel
1089; M ; Peter Bobbe
1092; F ; Maria
1093; F ; Kiki Baessell
1094; M ; tubeyes
1096; M ; Geoff Dugwyler
1097; M ; Euthymius
1098; F ; Merryb
1100; F ; Danielle Flores
1107; M ; Jason Oakley
1110; M ; Graeme Jolliffe
1112; M ; RedToby
1116; F ; Megan Stemm-Wade
1121; M ; John Lieder
1124; F ; Ancilla
1132; M ; Giles Baker
1152; F ; Millbeach
1154; F ; Larysa Jaworski
1160; M ; Gary Gilberd
1161; M ; Dominic Moore
1165; M ; Bob Graff
1166; F ; Debra Lynn
1168; F ; Ree
1171; F ; Julia Claussen
1175; M ; Brother Patrick
1179; M ; Alan Chant
1182; M ; Brett Condron
1183; F ; roolynninms
1184; M ; Jeremy Pavier
1187; M ; Paul Hansen
1188; M ; Duncan Murrell
1195; F ; Jennette Selig
1200; M ; hosmer_angel
1212; F ; Lee Ann Howlett
1221; F ; Dianne
1222; M ; Joseph Ugoretz
1224; F ; Heather Duncan
1225; M ; Chris Langston
1226; M ; Russ Lemker
1230; M ; Ian Skillen
1235; M ; Tim Gregory
1239; M ; Scott Robbins
1241; F ; Catherine Fitz
1246; F ; Sandra
1250; F ; Christina Boyles
1252; F ; Avery
1255; M ; Simon Evers
1258; M ; Mellors
1259; F ; Elizabeth Klett
1260; M ; Chris Hughes
1261; M ; Mans Broo
1263; F ; Leonie Rose
1264; M ; Matthew Hinman
1265; M ; Edward Elmer
1266; F ; Jenilee
1271; M ; Christian Pecaut
1272; M ; John Rose
1274; M ; Larry Gilman
1280; M ; Tim Makarios
1283; M ; Paul Siegel
1284; F ; Daniel Anaya
1289; F ; Joanne Pauwels
1290; F ; librarianite
1291; F ; Patti Brugman
1296; F ; Gigi Minden
1298; F ; Wina Hathaway
1311; M ; Scott D. Farquhar
1313; M ; Scott Sherris
1316; M ; Estragon
1320; M ; number6
1322; M ; chris tierney
1323; M ; Leon Mire
1331; M ; Adrian Praetzellis
1334; M ; John Schell
1335; F ; Clarica
1336; M ; Charlie Blakemore
1337; M ; Steven Rushing
1341; M ; Coastalbloke
1342; F ; SueAnn Dozier
1343; F ; Laura Koskinen
1347; M ; Ted Nugent
1348; F ; Janet Friday
1349; M ; John Pruden
1353; M ; Clarke Bell
1355; M ; Chris Gladis
1363; F ; Tammy Sanders
1365; M ; Joel Poortenga
1367; M ; Joe Brenneman
1370; F ; Lee Elliott
1373; F ; Kira Belkin
1374; M ; Graham Thomsen
1379; M ; Ken Crooker
1382; F ; Heather Lawrence
1383; M ; David Best
1384; M ; Stephen Lamb
1387; M ; Scott Mather
1390; F ; C.L.Coney
1392; M ; Chris Masterson
1401; F ; Sibella Denton
1403; M ; tipaew
1413; M ; ryanaw
1414; F ; guava
1417; F ; Psuke Bariah
1421; F ; Madame Tusk
1422; F ; Yazpistachio
1425; F ; Jeanette Ferguson
1430; M ; Alok Karulkar
1444; M ; Ryan Mease
1445; M ; Michael Yard
1446; M ; Michael Loftus
1447; F ; Luigina
1448; F ; marevalo
1455; M ; webslog
1456; M ; Jason Isbell
1460; F ; E. Plein
1462; F ; E. Tavano
1463; F ; Vivian Bush
1469; M ; Fr. Richard Zeile of Detroit
1472; F ; Sarah Jennings
1473; M ; Dan Polanco
1474; F ; Jc Guan
1482; M ; Joshua B. Christensen
1485; M ; Robert Flach
1487; M ; radioreader
1492; M ; mb
1494; M ; George Deprez, PhD
1495; M ; Glendower Jones
1498; F ; Lori Hebel
1502; F ; Ann Boyer
1505; M ; Mark Norman
1509; F ; Miranda Stinson
1513; M ; Simon-Peter Zak
1535; M ; Robert Scott
1536; M ; Marco
1544; F ; LilianaVale
1545; F ; AmyAG
1547; F ; Riddleman
1552; M ; Roger Turnau
1553; F ; Mim Ritty
1556; M ; geofred
1559; M ; Luke Harrison
1563; F ; Chandra Gioiello
1564; F ; Hedvig
1566; F ; Anna Christensen
1569; F ; Kristine Mackin
1571; M ; Bob Tassinari
1572; M ; Alan Clare
1578; F ; Lorelle Anderson
1579; F ; Philippa Willitts
1580; F ; TinyPines
1585; F ; Nelly ()
1593; F ; Kristine Bekere
1594; M ; Jon Scott Jones
1595; M ; Riccardo Fasol
1601; M ; Michael Yourshaw
1603; M ; Arouet
1607; M ; Claude Banta
1614; M ; FNH
1618; M ; Nicholas James Bridgewater
1621; M ; Caliban
1624; M ; Daniel Shorten
1629; F ; Gwyneth
1630; F ; spiritualbeing
1633; F ; Beecher
1634; M ; daxm
1636; F ; Sandra Zera
1638; M ; Kyle M.
1639; M ; Joe Konno
1641; F ; Rohanna
1643; M ; Chris Leslie-Hynan
1645; M ; David Shamp
1646; M ; Ben Cobbett
1647; M ; Rich Meyers
1648; F ; Accent
1649; F ; Kalynda
1650; M ; WangHaojie
1651; M ; Brendan Hodge
1653; F ; Carmina Sansone
1664; F ; Shauna M
1665; F ; Jessica AC Snyder
1668; F ; stepheather
1673; F ; Tonia
1674; F ; Jo
1678; F ; leonardswench
1679; F ; Polly
1680; F ; intothelight
1681; F ; islajane
1685; M ; Jonathan Horniblow
1686; F ; neelma
1688; M ; winam
1690; F ; Anne-Marie
1691; F ; Classicsfan
1693; F ; 4Cullen
1695; F ; Steph
1696; F ; Darcywil
1699; M ; Gavin Smith
1701; M ; camelot2302
1704; F ; JB
1705; F ; tittletattle
1708; M ; Alaaious
1710; F ; Gilly
1714; F ; lauralee
1715; F ; Marianna
1717; F ; PJ
1721; F ; Linnea
1723; M ; Rob Whelan
1724; F ; Anna Simon
1726; F ; janeite
1731; F ; Dani
1733; F ; Mira Cheskis
1734; F ; LuvDemBrooders
1736; F ; LC
1737; F ; Erin Hastings
1740; F ; Shubda
1743; M ; Bryan Ness
1746; M ; Theo Bacher
1748; M ; Brad Powers
1750; F ; Lorie Heinrichs
1752; F ; Jan MacGillivray
1754; F ; Joan Freeman
1756; F ; Tamara Hamilton
1757; F ; cricket
1760; F ; Matthew Howell
1765; F ; Kelly Elizabeth
1767; F ; Cori Dean
1769; M ; ej
1772; M ; David A. Stokely
1773; F ; Eliza Horne
1776; M ; Jim Eastman
1777; M ; Professor Chronotis
1779; F ; Cynthia Zocca
1780; M ; Micah
1784; F ; grovejade
1789; M ; Vin Reilly
1795; M ; Muhammad Mussnoon
1800; F ; Scarlett!
1801; M ; Antonio
1804; F ; Marie Manis
1806; M ; Gary W. Sherwin
1809; F ; cucciasv
1811; M ; Eric Ray
1813; F ; tesoro007
1815; M ; Aringguth
1819; F ; Shannon
1825; F ; srshel
1826; M ; Jacob Miller
1827; M ; Doug Wetzel
1828; M ; James Gladwin
1841; F ; Laura Caldwell
1844; M ; noonday
1845; F ; Katie Gibboney
1846; M ; valikojohn
1849; M ; Kelly Dougherty
1851; F ; Kehinde
1859; F ; Jan Baxter
1863; F ; Ania
1867; M ; Rowdy Delaney
1868; M ; Graham Redman
1870; M ; Stuart Bell
1874; M ; Ernst Schnell
1878; M ; BLRossow
1885; F ; inkwelldragon
1898; F ; Jennifer
1901; F ; Allyson Hester
1903; M ; Michael Thomas Robinson
1913; M ; Geoff Cowgill
1914; M ; Kevin Kivikko
1919; F ; nprigoda
1920; F ; Annika Feilbach
1923; F ; Maire Rhode
1924; M ; Andrew Drinkwater
1926; F ; Nikki Sullivan
1931; F ; poormedea
1933; F ; iremonger
1938; M ; icyjumbo (1964-2010)
1943; M ; Corun
1944; F ; Carolyn Frances
1958; M ; Furio
1961; F ; Qhali
1963; F ; Belinda Brown
1968; F ; lizzyblack
1970; F ; Dawn Larsen
1974; F ; Katie Baynes
1977; F ; Jennie Hughes
1985; M ; Jonny Lee
1987; M ; Michael Macedonia
1988; F ; Ransom
1989; M ; Sergio Baldelli
1992; F ; Michelle White
1993; F ; Wendy Belcher
1995; F ; AJai Hilton
1998; F ; Sonja
2001; M ; Phillip David
2002; M ; Larry Maddocks
2003; M ; The Penang Lawyer
2004; F ; Kim S
2007; F ; Sheila Morton
2010; F ; Julie Bynum
2012; M ; jburby
2013; M ; Mark
2021; M ; Keri Ford
2026; F ; Mil Nicholson
2033; M ; Filippo Gioachin
2035; F ; Sharon Bautista
2039; M ; Anton
2042; F ; Charlene V. Smith
2045; M ; David O'Connell
2046; M ; kyleti
2050; F ; Xe Sands
2051; M ; Grant Petersen
2053; F ; Vincent Tapia
2056; F ; Nancy Roberts
2060; F ; Julie Pandya
2061; F ; Jodi Krangle
2062; F ; Mindy H
2063; M ; hearhis
2067; M ; Nick Gisburne
2068; F ; Priya, India
2074; M ; Tysto
2078; M ; Kathy Caver
2085; F ; Stephanie Dupal-Demartin
2086; M ; Nicodemus
2089; F ; Martina
2090; F ; Melissa
2092; F ; Elaine Hamby
2093; M ; RK Wilcox
2094; F ; amycsj
2096; M ; Nick Marsh
2100; F ; Katherine Holt
2104; M ; R. S. Steinberg
2110; M ; Aaron Elliott
2113; M ; Andrew Vidal
2122; M ; Kenneth R. Morefield
2127; M ; wrongshore
2133; M ; Mat Messerschmidt
2136; M ; Great Plains
2137; M ; Jerome Lawsen
2140; M ; Ralph Snelson
2143; F ; Cat Schirf
2146; M ; Jeff Stuckey
2148; F ; BethAnne
2149; M ; Mark Penfold
2152; F ; redabrus
2156; M ; Roger Melin
2159; M ; Matthew Westra
2162; M ; Ray Clare
2167; M ; spiderman0521
2182; F ; Susan Umpleby
2185; M ; Jonathan Feldman
2194; F ; RobbieRogers
2195; M ; Joe Earley
2196; F ; Andrea Fiore
2198; M ; Clive Catterall
2201; M ; Stephen Escalera
2204; F ; Pamnache
2208; M ; Alan Brown
2229; M ; Pete Williams, Pittsburgh, PA
2230; F ; Isosceles
2234; M ; Lars Rolander
2237; F ; Chloey Winters
2238; M ; Will Larson
2240; M ; Ralph Volpi
2246; M ; RaySee
2254; F ; Heidi Preuss
2256; F ; tamurile
2262; M ; Andy
2269; F ; Rhonda Federman
2270; F ; Megan Kunkel
2272; M ; Alec Daitsman
2273; M ; Peter Kelleher
2275; F ; Lori H
2276; F ; Andrea
2277; F ; zinniz
2279; M ; Gilles Lehoux
2284; M ; Zapo
2285; M ; Bob Sage
2288; F ; Ellis Christoff
2289; M ; David Kleparek
2292; M ; Dick Durette
2294; M ; James Christopher
2297; F ; Philippa
2299; M ; cpalmer17
2300; M ; Mitchell L Leopard
2301; F ; Chris Jones
2309; M ; Wyatt
2312; F ; Lucy Lo Faro
2319; M ; Jack Farrell
2334; M ; David Lipa
2339; F ; skellie
2341; M ; webround
2346; F ; FirstKnight
2348; F ; KellyLC
2351; F ; hugoceline
2356; M ; Paul Curran
2361; F ; M. J. Boyle
2364; F ; Anna-Maria Viola
2368; M ; Alex C. Telander
2374; F ; M.C.Y.
2380; M ; Jacob Cherry
2384; M ; Ger
2388; M ; Greg Bell
2391; F ; treefingers
2393; M ; Michael Bradford
2397; M ; texttalker
2401; F ; Matt Warzel
2404; M ; n8evv
2405; M ; musil
2407; M ; ajmacbeth
2411; F ; kristiface
2412; F ; calystra
2414; M ; Ashwin Jain
2416; F ; Julia Albath
2427; M ; Ed Meade
2428; M ; Stephen Kinford
2436; M ; Seth Adam Sher
2437; M ; Wetcoast
2445; F ; musici123
2448; M ; David Federman
2473; M ; Hoosemon
2481; F ; Alana Jordan
2485; F ; Serin
2487; F ; Rachel Lintern
2488; F ; Lisa Wilson
2491; M ; johnb
2494; M ; Mark Cawley
2496; M ; Ben Dutton
2498; F ; B. Grebe
2499; M ; Paul Henry Tremblay
2504; F ; Helen Elsbeth
2506; F ; Julie VW
2512; F ; Marion
2514; M ; S. Young
2517; M ; Gayland Darnell
2518; M ; Rob Powell
2522; F ; senshisteph
2526; M ; Bob Gilham
2531; M ; Greg Weeks
2532; F ; Jennifer Lott
2533; M ; Steven Proctor
2541; M ; Eddie Winter
2544; F ; Annise
2545; M ; the quiet fox
2552; M ; Daniel Cranston
2553; F ; daisy55
2562; M ; Scott Merrill
2568; F ; Elena the Quiet
2570; F ; kindlibrarian
2573; F ; Becca B
2574; M ; TimSC
2577; F ; K Hindall
2581; F ; Julie Levi
2582; F ; dolce
2587; F ; Anne Cheng
2588; M ; Padraig O'hIceadha
2589; M ; Jordan
2592; F ; Anna Roberts
2598; F ; Barbara Bulkeley
2606; M ; Marc Tanti
2607; F ; Ruth Golding
2609; M ; Ian Hatley
2618; M ; Phil Surette
2624; M ; David Nicol
2625; F ; Auntie Em
2628; M ; Zloot
2638; F ; Dawn
2652; F ; MixieArmadillo
2654; M ; Notelrac
2660; M ; mpetranech
2671; F ; Foreign Girl
2673; M ; jude kaider
2674; M ; Jason Procopio
2676; F ; missizii
2688; M ; Christopher Jennings
2691; F ; Donna Stewart
2694; F ; DianaJMB
2696; M ; anonymous
2709; F ; PopularOutcast
2712; F ; anoldfashiongirl
2724; M ; Michael Dalling
2730; F ; Shirley Anderson
2733; M ; CalmDragon
2735; F ; ASchindler
2740; M ; Tony Ashworth
2741; F ; Jan Dawn Doronila
2748; F ; Annoying Twit
2751; F ; Angela Kelley
2754; F ; peaceuntoyou
2758; F ; SopranoHarmony
2762; F ; Phillipa Chantry
2764; F ; Piper Hale
2769; M ; Anthony Wilson
2774; M ; William Kevin Manire
2775; F ; ink tree
2785; F ; humeangel
2787; M ; Quentin Manuel
2790; F ; Victoria Slonosky
2792; F ; Varra Unreal
2803; M ; aquielisunari
2812; M ; Greg Hartley
2815; M ; Michael Sample
2816; M ; Andrew Symons
2817; F ; Catherine Millward
2823; M ; ChrisC
2825; M ; Ernst Pattynama
2827; M ; David Leeson
2830; M ; Tim Perkins
2834; F ; Ksushi
2836; F ; Linda McDaniel
2843; M ; ricell
2853; F ; Jane Greensmith
2854; M ; Andrew Coleman
2882; F ; ayngelwing
2893; M ; Ryan Sutter
2895; F ; Jenny Lundak
2902; M ; dexter
2909; F ; Petra
2910; F ; Janna
2911; M ; David Lawrence
2919; F ; Raerity
2920; F ; Rechelle
2925; F ; Darla
2929; M ; Topaz
2930; M ; BUAES
2943; F ; Sarah Gutierrez
2946; M ; Markus Wachenheim
2952; M ; Scott Carpenter
2960; M ; Scotty
2961; F ; Leni
2967; F ; Landii
2971; M ; Matthew C. Heckel
2975; F ; Sarafina Suransky
2979; F ; Jilliane Brandt
2985; M ; Cantor
2988; F ; Larissa Little
2989; F ; Jamie Strassenburg, Cypress, California
2990; M ; Tom Crawford
2992; M ; davechase
2997; F ; Violet
2998; M ; Kim Jansen
2999; M ; Joseph Finkberg
3000; M ; Brian von Dedenroth
3001; F ; priscilla hewitt
3003; F ; Sue Anderson
3005; M ; Ken Tischler
3006; F ; MorganScorpion
3008; F ; Gloria Zbilicki
3009; M ; Jim Ruddy
3020; M ; Mike Vendetti
3021; M ; leetcr
3025; F ; MichelleHarris
3032; M ; Utek
3033; F ; valli
3045; M ; Cameron Conaway
3046; F ; Stephanie Land
3053; F ; Tracy Yonemoto
3054; M ; GerryR
3060; M ; Didier
3063; M ; markman
3070; M ; Mike Schwabe
3072; M ; Chris Amos
3079; F ; nivedita
3080; F ; breathe
3081; F ; Renata
3082; M ; Logan McCamon
3083; F ; Emily Jarmard
3088; M ; Sean O'Hara
3090; F ; kelcymx
3092; F ; Maggie Russell
3094; F ; moe
3097; M ; nitram
3098; M ; woggy298
3100; M ; David Higham
3105; M ; gfairch511
3109; M ; Diogenes Dog
3112; F ; Jessica Louise
3114; M ; Geoffrey Edwards
3118; M ; George Yeager
3119; F ; Sharon Riskedahl
3125; F ; Fran
3132; M ; Andy Yu
3135; M ; Steve Foreman
3137; M ; Parrot
3138; F ; Labyrinth Composer
3142; M ; RogerA
3143; F ; suzanne
3144; M ; jfmarchini
3148; M ; artos
3157; F ; TriciaG
3168; M ; David Anton
3170; M ; VOICEGUY
3171; M ; JoeD
3172; F ; Beatrice
3179; F ; Robin
3180; M ; Mike Conrad
3185; M ; JohnNewman
3187; M ; Wasichu
3192; M ; Arfuhrm
3196; F ; Elizabeth Harker
3214; M ; fourteatoo
3215; F ; Shirley Ellen
3221; M ; David Schoepf
3224; F ; Acacia Wood
3227; F ; Betina
3228; F ; Benuathanasia
3230; M ; rasputin
3235; F ; Karen Commins
3238; M ; nihilist00
3240; M ; flakker
3242; M ; peac
3244; F ; wilwarin
3245; F ; wendy
3257; M ; Jay Vance
3258; F ; mwalimu
3259; F ; Kate West
3261; M ; fourgrays
3268; M ; Patrick McHaffie
3271; M ; Ancient mariner
3272; M ; Matthew_J_Almeida
3274; M ; Morgan Saletta
3285; M ; David Collins
3288; M ; Euan Bayliss
3289; M ; lukeprog
3290; F ; Marian Martin
3294; F ; Marcy Fraser
3307; M ; Doug Allison
3314; F ; Carol Stripling
3318; F ; Magdalena
3319; F ; mjbrichant
3328; M ; Al Dano
3330; F ; B. G. Oxford
3331; F ; Peggy
3334; F ; joi
3340; M ; Preston McConkie
3346; F ; Hannah Dowell
3347; F ; tornadogrrrl
3356; F ; Diana Solomon
3357; F ; swade
3361; F ; Linda Lee Paquet
3368; M ; Jim Allman
3370; M ; Glenn Simonsen
3373; M ; cvd
3374; M ; Craig Campbell
3379; F ; Kele
3380; F ; DrBeccaAnne
3381; M ; Cagliostro
3389; M ; von
3394; F ; Jackie Provau
3400; F ; Laura Davis
3409; F ; Philippa Brodie
3411; F ; SuD
3417; M ; Albatross
3433; M ; Bob Sherman
3436; M ; Anders Lankford
3440; F ; Heidi Will
3446; F ; kayo
3448; M ; Todd Lennon
3465; F ; ravenotation
3467; F ; js392
3470; M ; Jason Mills
3479; F ; Karan Yamada
3482; F ; Hayden
3483; M ; Alan Winterrowd
3486; M ; Robin Balmer
3488; M ; Tom Weiss
3490; M ; Gregg Margarite (1957-2012)
3493; F ; Gail Mattern
3500; F ; B. Treadgold
3503; M ; Christian Al-Kadi
3513; F ; Symmie
3521; M ; NickNumber
3526; F ; Bereni
3528; F ; minimoose83
3536; F ; Arielle Lipshaw
3537; F ; Tracy Datlen
3538; F ; Wyndelyn
3540; M ; Bill Ruhsam
3541; M ; Termin Dyan
3546; F ; Jeannie
3547; M ; BenW
3549; F ; Katie Riley
3551; F ; Annie Kirkpatrick
3553; M ; Luc Kordas
3554; F ; LaraC, Louisville, KY
3557; F ; Rachel Triska
3559; F ; Kerry Hiles
3564; F ; Vanessa
3567; M ; David Lazarus
3570; F ; sarac
3571; M ; HarryInk
3575; F ; supergirl
3576; F ; JudyGibson
3584; F ; Bridget Gaige
3587; M ; John Nixon
3588; F ; Neeru Iyer
3592; M ; Paul McCartan
3595; M ; Martin Geeson
3598; F ; Dawn
3606; M ; Ashwath Ganesan
3607; M ; Richard Wallis
3615; F ; Lucy Perry
3618; M ; Timothy Ferguson
3630; F ; Rachel Gatwood
3638; F ; AmyG
3641; F ; Joelle Peebles
3645; F ; MaryAnn
3647; F ; Channe
3650; M ; Jonathan Ross
3654; M ; Mark Wilson
3656; M ; Kai Lu
3657; M ; Bellona Times
3660; M ; Russ Clough
3663; F ; ppezz
3664; M ; Barry Eads
3665; M ; C.J. Casey
3675; F ; Linda Ferguson
3679; F ; veronasser
3681; F ; Ann Boulais
3686; M ; Doug Delisle
3691; M ; Hollis Hanover
3698; F ; Nadine Eckert-Boulet
3699; M ; Bruce Pirie
3703; F ; Linda Andrus
3717; M ; Elliott Miller
3723; M ; Kevin Lavin
3728; F ; amycs
3729; F ; Heather Hogan
3733; F ; Melanie Schleeter McCalmont
3738; F ; Collee McKinnon
3744; M ; Jonathan Burchard
3747; M ; Keith Henige
3752; M ; Mark Welch
3757; F ; EmAllise
3764; F ; Gabrielle Lambrick
3779; F ; Rachel Steely
3780; M ; Pete
3781; F ; Celena Arter
3783; M ; TexasSteve
3790; F ; hpark
3792; M ; Brian Keith Barnes
3793; M ; Nathan
3796; M ; Mario Pineda
3798; F ; Bianca Kramer
3807; M ; Jesse Noar
3816; F ; Bev J Stevens
3819; M ; StarrDog
3825; M ; Matt Wills
3830; M ; rymd80
3835; M ; M.White
3843; F ; storm
3845; M ; Ray Smith
3848; F ; skoval
3851; F ; mbousquet
3852; F ; selniff
3853; F ; M. Bertke
3857; M ; Epistomolus
3864; M ; Tom Watts
3866; M ; SilverG
3867; F ; Roberta Carlisle
3869; M ; Timothy Pinkham
3871; M ; Figura
3876; F ; Frances Marcinkiewicz
3879; F ; Keneva
3885; F ; Elli
3889; F ; Alina
3894; M ; Indy Gosal
3895; M ; porlob
3896; M ; Will Zufall
3905; F ; J. Rebecca Franklin
3906; F ; tabithat
3909; F ; Evelyn Clarke
3911; F ; Joseph Couves
3912; M ; Bob Neufeld
3914; M ; Rob James
3915; F ; JenniferW
3922; F ; Ashley Candland
3923; M ; Sean Michael Hogan
3925; F ; Viglione
3926; F ; Denise Lacey
3927; M ; Bob Stretch
3928; F ; Marianne Coleman-Hipkins
3934; F ; Lynne Carroll
3945; M ; Floyd Wilde
3947; F ; johnell
3955; M ; Fredrik Karlsson
3959; M ; rjhargrav
3962; M ; writerboyontour
3967; F ; Christine Dufour
3969; F ; CM Slosson
3972; F ; Joy Easton
3977; M ; LivelyHive
3979; F ; Dale A. Bade
3982; F ; Kate Adams
3983; F ; lavocedorata
3989; M ; Rayne
3990; F ; Jessi
3992; F ; perpetualdreamworld
3994; F ; Miriam Esther Goldman
3997; F ; Sophia Choi
4005; F ; Jhiu
4009; F ; Diana Majlinger
4010; M ; David Baldwin
4013; M ; Kevin Maxson
4014; M ; Tom Clifton
4015; M ; JimOCR
4017; M ; gsolgaard
4018; M ; Nicholas Clifford
4019; M ; brrrrrr6
4020; M ; Linda
4021; F ; Linda Woods
4034; F ; Sienna
4039; M ; Shawn Craig Smith
4042; M ; Ryan DeRamos
4044; F ; serenitylee
4051; F ; Liz Devens
4054; M ; Ryan Gubele
4057; F ; RoseA
4059; M ; Troy Bond
4063; F ; Abigail Bartels
4064; F ; Margaret Espaillat
4071; F ; Nichelle von Lauder
4077; M ; Nathan Markham
4078; M ; Richard Kilmer
4085; M ; Paul P Miller
4088; F ; Blazin48
4090; F ; madmouth
4098; F ; Rachell Lovett
4104; F ; Linda Dodge
4108; M ; garymacf
4110; M ; Richard Ellwood
4111; F ; Rachel P.
4116; F ; Amy Benton
4122; M ; Wendel Topper
4133; M ; BigStory
4137; F ; Sarah LuAnn
4138; F ; daltongirl
4145; F ; Patti Cunningham
4148; M ; David A. Moore.
4152; M ; Ata Khudayberdiev
4153; F ; Hilara
4156; F ; Caroline Shapiro
4160; F ; Rosie
4161; M ; Daniel Paashaus
4172; M ; Graeme Dunlop
4174; F ; Availle
4179; M ; Robert Keiper
4189; F ; Megan Argo
4191; M ; Grant Hurlock
4192; F ; MaryModern
4193; M ; Ethan Rampton
4195; F ; bj
4196; M ; Jim Clevenger
4198; M ; Examinfo
4205; M ; psi_mon
4211; F ; A. Knight
4214; F ; A. Janelle Risa
4216; F ; Hannah Skoonberg
4217; M ; Brendan Tannam
4218; M ; David Cole
4222; F ; msjodi777
4225; F ; gmiteva
4226; M ; Jud Niven
4234; F ; laineyben
4235; F ; Haylayer Flaga
4236; M ; Nicholas Feulner
4238; F ; Chela
4243; M ; Ian Grae
4246; M ; JLaddJr
4257; M ; garbageman99
4260; F ; Clacas
4262; F ; LoraBeth Davis
4263; F ; Chelsea Baker
4267; M ; Ric F
4273; F ; as101
4277; M ; JohanG
4278; M ; smhamon
4280; F ; BB
4289; F ; Veronica Jenkins
4290; M ; Joshua Paul Johnson
4294; F ; Jessamy Gloor
4295; M ; Slawek
4297; F ; Tina Horning
4305; F ; Aspergine
4310; F ; grace4him
4313; F ; May Low
4321; F ; Xenutia
4323; F ; BookAngel7
4327; F ; brokenaltar
4331; F ; Barbara Clements
4335; M ; davidb
4340; F ; kiwafruit
4344; M ; Tadhg
4345; M ; Richard Schipper
4350; M ; willem
4352; F ; Martina Hutchins
4356; F ; Patricia Rutledge
4358; M ; Kim Stich
4362; F ; Michelle Montano
4363; F ; Emily Livingston
4379; M ; Scott Dahlem
4381; F ; Denise Resnik
4396; F ; Michael Wolf
4397; M ; John Dennison
4402; M ; Christopher Sanner
4406; M ; Matthew Scott Surprenant
4407; M ; Ted Drury
4411; F ; Zarnaz
4415; F ; Anita Fleming
4420; M ; Steve Lomas
4422; F ; Kamna
4423; M ; David Dwight
4425; M ; Gary Coy
4427; F ; Lynne Handler
4428; M ; Blueoyster101
4433; M ; Ken Sterry
4434; F ; Sarah Nuxoll
4438; M ; Greg W.
4441; M ; William Peck
4442; M ; Pep
4443; F ; THOVO
4446; F ; Jen Maxwell
4447; M ; Cascades
4455; F ; Patrick Wells
4463; F ; Cate Mackenzie
4474; M ; John L. Clark
4480; M ; Iskander Shafikov
4481; F ; margo zinberg
4484; M ; Phil Griffiths
4487; F ; Nienke
4490; F ; Rachel Weaver
4492; F ; P.Hynes
4495; M ; Dillon Stiles
4507; F ; Rachel Nelson-Smith
4511; F ; Jeanie
4513; F ; Gabi
4515; M ; Doug
4519; F ; Mimi Wang
4520; F ; Dorlene Kaplan
4535; M ; Brett W. Downey
4545; M ; SunshinePaul
4546; F ; Estelle Jobson
4549; F ; Kristen Zaza
4563; F ; Wiebke
4570; M ; Bill Mosley
4572; M ; om123
4576; F ; Snaefaxi
4583; M ; Jersey City Frankie
4586; M ; Chris Caron
4590; M ; Diapadion
4591; M ; Robert White
4592; F ; WestWestest
4594; M ; mailman61953
4595; M ; Eric Leach
4598; F ; cher0520
4599; M ; xibu
4629; M ; Edward W. LaBonte
4640; F ; Karen Mason
4652; F ; Savanna Herrold
4659; M ; Stephen Marsh
4660; F ; SusieSA
4667; F ; Maria Therese
4680; F ; pachayes
4681; M ; Frank Adams
4687; M ; mevans
4693; M ; Robert Parker
4697; F ; Jannie Meisberger
4699; M ; Jason Justice
4701; M ; CC
4703; F ; HurstPP
4705; M ; Algy Pug
4706; F ; SallyMc
4710; M ; David Huston
4712; F ; Alisson Veldhuis
4719; M ; M. Craun
4731; F ; Becky Cook
4733; M ; dwegowy
4734; M ; Adib Masumian
4738; M ; Leonard Wilson
4741; M ; Nullifidian
4742; F ; Little Tee
4744; F ; Amy Gramour
4748; M ; Dirk Eichhorn
4750; M ; Paul Huckerby
4757; F ; Grace Dobson
4766; F ; Melanie
4767; M ; Delysid
4770; F ; Jeanne Luft
4771; M ; scrawl
4773; F ; Kathryn Lois
4779; F ; Angel5
4788; M ; Bill Boerst
4791; F ; MelanieMae
4799; M ; Matt Judd
4800; F ; Mary Herndon Bell
4806; M ; Jason Ingolfsland
4807; F ; Fuzz
4813; M ; Steve Mattern
4821; M ; Zachary Johnson
4824; F ; meyerli
4830; M ; George Aalto
4831; F ; Lisa Meyers
4836; M ; Preston Scrape
4837; F ; Sharon Kilmer
4839; F ; Julie K. Rose
4841; F ; Haley Pereira
4846; F ; Kathrin Salazar
4848; M ; Dee Wykoff
4852; M ; Arthur Piantadosi
4853; F ; Barbara Derksen
4854; M ; Doctor_wu
4856; M ; Steven Seitel
4859; M ; nathank
4860; M ; Jonah Cummings
4863; M ; I M CLIFFORD
4872; M ; R E Faust
4894; M ; Gary Dzierlenga
4898; M ; greatbasinrain
4899; F ; Theresa L. Downey
4910; F ; Amanda Martin Sandino
4915; M ; Andrew Bowles
4926; F ; browneyedgirl32382
4930; M ; Adrian Levitsky
4931; M ; KevS
4936; F ; jedopi
4945; M ; Charles RUHE
4948; M ; Tom Barron
4955; M ; Elwood Mott
4957; F ; P Moscato
4958; M ; David P. Sroka
4959; F ; Piper Hayes
4964; F ; rashada
4965; F ; Rachel Craig
4967; F ; Karen
4969; M ; Garth Burton
4970; F ; airandwaters
4973; M ; Michael Lipschultz
4979; M ; Eric
4991; F ; Jacqueline (Jacqui) Grady
4992; F ; Joyce Martin
4993; M ; BillMac
5000; F ; Anna-Lisa Ott
5002; M ; Brendan Stallard
5005; F ; pinhsien
5007; F ; Kathleen Nelson
5009; M ; Michael Reuss
5012; F ; Morgan Schlicker
5013; M ; Joseph Dsouza
5019; F ; Sandra Estenson
5022; F ; Kathleen Costa
5023; F ; Elizabeth Zaranka
5029; F ; Courtney Sandhu
5036; F ; NicolaRuth
5038; M ; John Kooz
5039; F ; Inga Parsons
5043; M ; edbucks
5044; F ; Andrea Keene
5045; F ; Mounica
5049; M ; Bradley Smith
5054; F ; Denice Stradling
5060; F ; Linda Moreau
5062; F ; E Ogston
5063; F ; susanfrom
5076; M ; Jules Hawryluk
5077; F ; Sandra G
5082; F ; SummerWind
5092; M ; Josh Smith
5093; F ; Nicole Kay
5101; F ; E.Lee
5104; M ; Chuck Burke
5105; M ; elongman
5115; F ; Terry Goodyer
5118; M ; klbonds
5123; M ; wvthcomp
5126; M ; Tom Lennon
5132; M ; David Stryker
5133; F ; Jo Karabasz
5136; F ; Felicity C
5139; F ; Katine
5141; M ; David Goldfarb
5142; F ; Mary Ballard-Johansson
5147; M ; Cody2
5152; M ; Liam Neely
5154; F ; Danarra
5157; M ; drewmac
5163; F ; LilyAnne
5164; F ; Vsilverlining
5172; M ; Equilibrium33
5181; M ; Joel Nisbet
5183; M ; Kenneth Sergeant Gaghan
5185; M ; okei
5186; M ; Brendan Brown
5189; M ; Samanem
5190; M ; Rom Maczka
5192; M ; Jason Esteves
5198; M ; Brian
5199; F ; Diana Fast
5206; M ; Simon Dexter
5217; F ; Anqi Wang
5220; F ; Mary Schneider
5224; M ; Matt Soar
5230; F ; Aubrey Anne
5233; F ; summerdaze
5239; M ; compozr
5242; M ; Michael Monhollon
5244; F ; Carolin Ksr
5245; M ; Dymmesdale
5246; M ; Mike Bloomfield
5248; M ; Don Stirno
5252; M ; Michael Deng
5261; M ; Ali Kazerani
5266; F ; Jill
5269; F ; Elizabeth Barr
5271; F ; Amanda
5278; M ; Mike Harris
5280; M ; penboy7000
5285; F ; Sweetlilbirdy
5287; F ; adsum iam
5290; F ; Natalie
5293; M ; Ned Troxel
5296; F ; Joselyn Hasty
5299; F ; Becky Doughty
5304; M ; Don W. Jenkins
5319; M ; Guero
5321; M ; Adam Whybray
5322; M ; Jay Bidal
5325; M ; Rory Lawton
5328; M ; Nathan Jordan
5333; M ; Robert Fletcher
5337; F ; Danielle
5338; F ; S R Colon
5339; F ; Lauren McCullough
5340; F ; Mary-Beth Blackburn
5350; F ; Cath Garde
5355; F ; Carrie Heyes
5361; F ; scarlettraces
5375; F ; BumbleVee
5379; M ; lennich
5386; M ; Tim Ferreira
5389; M ; Joseph Lawler
5390; M ; Charles Bice
5393; F ; Amy Hengst
5400; F ; Natalie Sullivan
5401; M ; Andrew Nelson
5405; F ; Anka
5412; F ; tommybascue
5424; F ; Julia Niedermaier
5429; M ; Dennis Lane Pretoria
5439; F ; Laine S.
5442; F ; oneiros81
5445; F ; Liz DeLassus
5448; M ; Bryan Reid
5456; M ; e_scarab
5459; M ; bryan.peterson
5460; M ; Max Lindberg
5463; M ; GLM
5468; F ; ashleighjane
5471; F ; ElleyKat
5480; F ; ESFJ Girl
5484; F ; Nastassia
5487; F ; Michaela O'Connor
5489; F ; LizMourant
5506; M ; Frank Booker
5513; M ; David Callahan
5514; F ; Ella Jane Quentin
5519; M ; scoutman77
5536; M ; David Mix
5538; F ; Linda Velwest
5543; F ; Anya
5545; M ; Gary Olman
5561; F ; Ellen Jones
5565; M ; Ken Padgitt
5567; M ; BStapley
5569; F ; Beth Hitesman
5570; F ; Corinna Schultz
5583; F ; Claudia Wilson
5588; F ; Gail Timmerman Vaughan
5604; F ; kittyandcheese
5606; F ; PrincessG
5618; F ; Shirleyroses
5620; M ; jerryB
5622; F ; Roseanne Schmidt
5628; M ; Adrian Wheal
5635; M ; Matthew Reece
5636; F ; Joyce Couch
5637; M ; Anthony
5639; M ; Ulf Bjorklund
5641; M ; Gerald Peter Morgan
5649; F ; hazelra
5652; F ; amicrazy2u
5653; F ; Kimberly Anderson
5655; F ; Christine Rodriguez
5656; M ; Joe Mabry
5660; F ; hollz
5661; F ; Dianne Lanning
5665; F ; Lynda Sizemore
5671; F ; Trihypoo
5672; M ; Jacob Paul Starr
5678; M ; jgoffena
5682; F ; Lmwong
5683; F ; Rachael Lapidis
5684; F ; Elsa Youngsteadt
5688; F ; Jennifer Dionne
5694; M ; Winston Tharp
5700; M ; Paul Adams
5703; M ; Garth Comira
5712; F ; Alexandra Huckabay
5717; M ; Phil Chenevert
5719; M ; John Fricker
5720; F ; Thelma Meyer
5723; F ; Linda Hogan
5724; F ; paintgirl
5725; F ; doublemirrors
5727; M ; JDavidMoore
5731; F ; Andrea Boltz
5733; F ; Spinhop
5735; F ; Filipa
5740; F ; Alisa
5746; M ; DL Pead
5750; M ; laurencetrask
5756; F ; Mich_elle
5764; M ; Herman Roskams
5765; M ; A. J. Carroll
5767; M ; taijohn
5772; M ; jessecoy
5776; M ; Chris Pauley
5778; F ; Laura Victoria
5781; M ; Parrot17
5784; M ; Chris Donnelly
5789; F ; Kirsten Wever
5791; M ; croudy
5796; F ; Linette Geisel
5802; M ; Christopher Maust
5808; M ; jeandelfrio
5809; F ; kattekliek
5810; M ; Patrick Reinhart
5825; F ; Vira Denton
5826; M ; Phineas Redux
5831; F ; Kirsty Leishman
5837; F ; Debbie Pieterse
5840; M ; Dick Summerfield
5849; F ; ashleyspence
5854; M ; Gabriel Glenn
5860; F ; J L Raimundo
5867; F ; Sharon Omi
5868; M ; alwpoe
5874; M ; Paul Andrews
5876; F ; kelleywyskiel
5883; M ; Jerry Romero
5886; M ; Simon Brown
5890; F ; GabrielleC
5893; F ; Elizabeth Fiedler
5894; M ; Paul Stephens
5895; F ; iamartin
5906; F ; Lily-LLM
5909; M ; Mark Mickelson
5910; M ; Anthony Lee
5911; M ; Paul C. Newman
5913; M ; dmbrought
5914; M ; bobbybrill
5918; M ; Mike Wajda
5929; F ; Gryphon Perkins
5933; M ; Barry O'Neill
5935; M ; Mike Okonek
5940; M ; Gargoyle
5949; F ; debolee
5951; M ; Stevan Simmons
5952; F ; sherlock85
5968; F ; Cate Barratt
5970; M ; Larry Degala
5975; M ; Tony Maxey
5977; M ; Ken Felt
5979; M ; Pentti Hirvonen
5980; F ; Nichole Thompson
5983; F ; Katew
5984; F ; sbburke
5985; M ; James K. White
5993; M ; garyday
6000; F ; MissRose
6003; M ; sparks0314
6006; F ; Stephanie Lee
6009; M ; AVG
6010; M ; Ralph Kerwin
6014; F ; Tina Nuzzi
6019; M ; DerekP
6025; F ; Lonelle Yoder
6030; F ; Shiromi
6032; F ; Beverly Scott
6035; M ; Marty Kris
6037; M ; bish
6038; F ; Sirmelja
6051; M ; Ric Cornwall
6054; F ; Leslie Stevens Suhy
6060; M ; Jonathan Lange
6064; F ; Deborah Knight
6065; M ; David Olson
6070; F ; Saab
6072; F ; CrowGirl
6075; M ; Rob Smith
6076; M ; Saethram
6077; M ; Steve Belleguelle
6078; F ; dobsonfly
6080; M ; progressingamerica
6081; M ; Lazuli
6082; F ; EyeBones
6084; M ; Amallen
6087; F ; Caroline Driggs
6088; F ; burk
6097; M ; Phil Benson
6098; M ; Kancamagus
6099; F ; Cheri Gardner
6102; F ; Rachel Bossier
6104; F ; Juliana M.
6106; F ; Ruth Kidson
6111; F ; Jill Preston
6115; M ; MitchHerd
6119; M ; Vinnie Tesla
6120; F ; Terra Mendoza
6121; F ; Imagine
6123; F ; chocmuse
6126; M ; David Abbott
6127; F ; Andee
6128; F ; Isabelle Brasme
6131; F ; Malane
6135; F ; Spike Holcomb
6138; F ; Deborah Brabyn
6139; F ; Lois C. Johnson
6145; F ; Madeleine Brook
6147; F ; Liberty Stump
6153; F ; anjieliu
6157; M ; HotConflict
6159; M ; Ted Garvin
6160; F ; FaithR
6167; F ; Janet
6173; F ; Carol Box
6177; M ; wminbru
6178; F ; alegriavida
6181; M ; Mike
6184; M ; Adam Tomkins
6188; F ; Roxanna Nazari
6189; F ; Shana Cohen
6196; M ; Martin Gradwell
6199; M ; bobolink
6206; F ; Yvonne Smith
6209; M ; deckerteach
6211; F ; Caeliveres
6215; F ; Janet248
6221; M ; pwu909
6224; M ; dave k
6227; F ; EliMarieHK
6232; M ; Paul Denton
6233; F ; Gen Jones
6235; F ; ReadWriteLib
6236; M ; jcwyatt
6241; M ; badey
6242; F ; Lucinda Gainey
6248; M ; Kevin Green
6249; M ; Thomas A. Copeland
6251; F ; Theresa Sheridan
6254; F ; Chelsea S.
6258; M ; haggisreflux
6267; M ; Cata
6269; M ; Don Halpert
6272; F ; jlenardon
6276; M ; dan_h
6281; F ; Beth Thomas
6284; F ; cklee
6286; F ; Wendy Almeida
6288; F ; Sunni West
6294; M ; humanode
6295; M ; Michael Packard
6300; F ; Sarah Crampton
6308; F ; Easton
6311; M ; TRUEBRIT
6313; F ; Jennifer Wiginton
6317; F ; Sarah K
6319; F ; thestorygirl
6323; M ; Caluminium
6324; F ; Barbara E. McCarthy
6330; M ; David Cummings
6332; F ; Kelli England
6333; M ; Max Korlinge
6339; F ; Michelle Remington
6341; F ; Tiffany J. Kim
6345; F ; Jean Bascom
6346; M ; Matthew Pagan
6351; F ; C. L. W. Rollins
6352; F ; stmacduff
6353; F ; Jennifer Randall
6356; M ; John O
6358; F ; selway
6359; F ; Susan Hanfield
6364; M ; Todd Ulbrich
6367; M ; Vince Dee
6368; M ; Marc Pizzuti
6370; M ; Dan Craig
6371; F ; Rebecca King
6373; F ; Sandie Guenther
6377; M ; Maxim Babich
6378; F ; Michelle Day
6385; F ; Novella Serena
6388; F ; Leda
6391; F ; polkadotish
6395; M ; Richard Carpenter
6399; M ; Edmund Bloxam
6402; M ; Chiquito Crasto
6406; F ; Abigail Rasmussen
6407; M ; AdamH
6411; F ; Feyaza
6415; F ; Daryl Wor
6418; M ; Iolo Jones
6426; F ; Pat Redstone
6432; M ; Ditchdog
6436; M ; Steve Mattingly
6437; M ; John Hoerr
6446; M ; Bob Gonzalez
6454; M ; David Wales
6455; F ; Betty Chen
6458; M ; Dennis Blake
6459; M ; Nigel Boydell
6467; M ; sid
6476; F ; Viridian
6482; M ; Delmar H Dolbier
6484; F ; ilianthe
6488; F ; Kendall Ashyby
6492; M ; Hugh Gillis
6494; M ; Morey Kunin
6497; M ; James E. Carson
6499; M ; dave7
6505; F ; Elena
6506; M ; Tim Quinn
6509; F ; Marianna Foos
6510; M ; JimD
6512; M ; mcgovern1934
6513; F ; Susan de Raadt
6518; F ; Wayfarer
6519; F ; Monica Knuppe
6529; M ; Fred DeBerardinis
6531; F ; janesandberg
6533; M ; drewmore
6534; F ; Helen Falconer
6535; M ; Ron Altman
6538; M ; Juan Federico
6539; M ; David W. Wolfe
6540; M ; Craig Gulliver
6544; F ; Amanda Friday
6548; F ; Kristin Gjerlw
6549; F ; Sandra Luna
6550; M ; elfpen
6553; M ; DublinGothic
6555; M ; Alexandre Laplante
6557; F ; Tika Sabu
6563; M ; William Tomcho
6567; F ; vikvenom
6568; F ; Heather Hamtil
6574; M ; Caden Vaughn Clegg
6575; M ; Patrick Painter
6583; F ; NastassiaS
6590; F ; Marea Brook
6594; F ; Amelia Chantarotwong
6599; M ; rohde
6609; M ; Patrick Wallace
6610; F ; sylly
6614; F ; Veronica Schlette
6620; F ; Amy Koenig
6625; M ; hearmeout7
6627; F ; Amber Hamilton
6636; M ; Philip Martin
6637; F ; Christine Nendza
6641; F ; Julienne
6643; F ; cbooren
6652; M ; Brendon Wright
6660; F ; Nicole Lee
6668; M ; Ecological Humanist
6670; M ; Mike Pelton
6673; F ; Jenna Lanman
6674; M ; jimmylee
6676; F ; Chill28
6683; F ; Julia Kelley
6685; M ; Jonathan Drury
6686; M ; Elin
6687; M ; KirksVoice
6689; F ; Tiffany Halla Colonna
6690; M ; T Michael Burke
6694; M ; Ross Williamson
6695; F ; Linda Fredericks
6696; F ; Katryn Wiese
6701; M ; Dayle
6705; F ; D. A. Frank
6707; M ; Lewis
6709; M ; vinphizz
6713; M ; stephenreader
6724; F ; Kristin Young
6726; F ; metgmz
6727; M ; Tony Russell
6733; F ; Snapdragon
6735; F ; fshort
6741; F ; Sharon C.
6743; M ; Rick Rodney
6746; M ; Robin Skelcey
6747; M ; Ryan Lothian
6749; F ; MaryA
6752; M ; maxvon_d
6753; M ; T.E. McHenry
6754; M ; ToddHW
6758; F ; The Gypsy
6763; F ; Manjit Bains
6773; M ; MostafaRazavi
6777; M ; Rick Saffery
6782; F ; zcameo
6784; M ; SteveBuys
6788; F ; Pamela Krantz
6792; M ; montmorency
6794; F ; Rachel Moyar
6798; M ; Aesthete's Readings
6804; M ; Nick Duncan
6807; F ; Lisa Caputo
6818; F ; beckyboyd
6821; F ; Rholdah
6828; F ; Lori Fuller Chugiak, AK
6829; F ; LadyBug
6836; M ; John
6841; M ; A. E. Maroney
6846; M ; John Leonard
6848; M ; KarlHenning
6849; M ; Dan Raynham
6853; F ; J. McKnight
6865; F ; Jing Li
6875; M ; Bill Miller
6877; M ; Bear Schacht
6880; M ; Capybara
6882; M ; David Isenhower
6883; M ; Adam Doughty
6892; M ; Piotr Nater
6895; F ; Reeses118
6902; F ; Barbara Edelman
6904; F ; Kirsten Nelson
6906; F ; Joanna1
6912; M ; Richard Beck
6913; F ; daisyb
6914; F ; Katalina Watt
6918; F ; Marilyn Mack
6923; M ; Szindbad
6924; F ; Rapunzelina
6925; M ; Thomas Meaney
6927; F ; Sarika Pawar
6930; M ; Nolan Fout
6937; F ; DVoice
6938; F ; Simmy
6943; F ; Chieko Steely
6945; M ; Daniel George
6947; F ; Grace
6950; F ; elmay
6951; F ; redhed3095
6954; M ; Paul Richards
6956; M ; DannyHauger
6962; M ; mattoscarlomas
6963; M ; Kasper
6965; M ; NoelBadrian
6967; F ; sganatra81
6974; M ; Michael Armenta
6978; F ; Debra
6981; M ; nlonghu
6993; M ; Seyed
7000; M ; Kevin Alix
7001; F ; Arienne
7008; M ; John Trevithick
7009; M ; roeg11
7011; M ; Icprice
7012; F ; Erin McKelle
7018; M ; FSharp
7021; M ; Nodo420
7026; F ; Michele Eaton
7030; M ; Conrad T
7046; M ; Pascal Ramseier
7051; M ; Andrew White
7055; M ; gemtwist
7059; F ; Joannemmp
7061; M ; AllenJohns
7062; F ; Rebecca Thomas
7065; M ; smitaj
7067; M ; Matthew Wall
7069; M ; John Schuurman
7073; F ; Jill Janovetz
7078; F ; Mary in Arkansas
7079; F ; Chuck Williamson
7085; M ; voicebynatalie
7090; M ; Jon Sindell
7092; F ; Lorraine B
7095; M ; Wesseling
7096; M ; Gary Iredale
7097; F ; novelreader
7105; M ; jennycbnyn
7107; M ; titankin77
7113; F ; Sukaina Jaffer
7117; F ; Art Leung
7120; F ; L D Hamilton
7121; M ; 384403
7125; F ; Peggy
7126; M ; pekein
7127; M ; Bill Kneeland
7128; M ; morganreads
7131; F ; Eden Rea-Hedrick
7134; M ; Steve Jackson
7135; F ; Maggie Smallwood
7138; F ; CaprishaPage
7139; M ; gabrielv
7140; F ; Deanna Bovee
7143; F ; Minni Ang
7145; F ; Lita Ledesma
7147; M ; S.Nevets
7148; F ; Vickie Ranz
7150; M ; asterix
7155; M ; pklipp
7169; M ; Ryan Ransom
7170; M ; alanmapstone
7176; M ; KalenXI
7177; F ; shana
7178; F ; J.K. Neely
7188; M ; Marty
7189; M ; doonaboon
7190; M ; Tony Posante
7197; F ; Christine Richardson
7198; F ; Daniela Austin
7199; F ; T.K. Kirven
7205; F ; genierose
7208; M ; KK
7215; M ; BensonBrunswin
7218; F ; MJ Franck
7220; F ; LynnAlison
7223; F ; eye hear voices
7226; M ; Jonathan Moore
7228; M ; Peter John Keeble
7229; F ; Linda Ciano
7238; M ; Uday Sagar
7239; M ; manofwealth
7240; F ; Lucretia B.
7241; M ; AdrianBisson
7242; F ; Renate
7245; F ; Laura Atkinson
7246; F ; Lyn Silva
7247; M ; Robert Hoffman
7250; F ; A. J. Elliot
7255; F ; Jendia
7258; M ; acloward
7263; F ; rachaelg
7264; M ; Sean McClain
7265; F ; Annie
7276; F ; ASPotter
7277; F ; Jenny Bradshaw
7278; M ; Jon Smith
7285; F ; Christina M. Glavas
7286; F ; kindfish
7294; F ; Muriel
7297; F ; Mudlark
7299; F ; Barbara Miller
7301; M ; jonseverity
7302; F ; Asta1234
7307; M ; Anthony Ogus
7312; M ; nkneer
7313; M ; Mark DeVol
7314; M ; Rick Cahill
7315; F ; Charlotte Duckett
7316; F ; Joy S Grape
7318; F ; Anise
7320; F ; Monika Rolley
7326; M ; Adam
7327; M ; Tommy Howell
7331; F ; AnabelleC
7333; F ; Lydia Paterson
7335; F ; Kathryn Louise
7337; F ; Adina Owen
7338; M ; Eberle Thomas
7339; M ; wildalaska
7342; F ; Carol
7346; M ; James Bendall
7348; F ; acousticwave
7354; M ; TrevorD777
7357; M ; rebcult
7360; F ; Caroline Hemmerly Kunkle
7367; M ; NIneFive83
7376; F ; Nyssa E. Schmidt
7383; F ; Meg Cowan
7384; F ; Diana Dolan
7387; F ; Tara Dow
7389; M ; Steve C
7391; M ; Cary Simz
7392; F ; MicheleW
7395; F ; Katherine
7398; F ; Marie Daum
7402; M ; Canby Ibarra
7408; M ; David Clarke
7416; F ; Jeanni Hall
7423; M ; Gilles G. Le Blanc
7424; M ; Christopher Smith
7433; F ; Gabriela Cowan
7434; F ; Emily Feuka
7436; M ; Gregory Eccles
7437; M ; Graham McMillan
7445; F ; Emily Anderson
7447; M ; dasbury
7448; M ; Kevin Johnson
7460; M ; Larry Beasley
7463; M ; Pete Milan
7467; F ; freshface
7475; M ; Jared Hess
7478; M ; Dan Froese
7480; F ; Tricia F.
7481; F ; Karen Howard
7484; M ; Tyran Rexx
7491; F ; Lilaread
7492; F ; Scheherazade
7495; F ; Arlene Joyce
7498; F ; MarianneVictoria
7502; M ; mikefernlea
7505; M ; Ron Lockhart
7507; F ; UnaVersal
7510; F ; Kathrine Engan
7511; F ; Sherri Vance
7512; M ; dudeman
7514; F ; Barbara Baker
7515; F ; Cynthia Moyer
7517; F ; Raz Mason
7518; M ; TJDasch
7520; M ; Richard Jackson
7522; F ; Kelsey P
7525; F ; Jeannie Tirado
7538; M ; Logan West
7540; M ; Christopher Webber
7552; F ; KateC
7553; M ; BDSEmpire
7555; F ; Suebee
7556; M ; Alex Lau
7558; M ; J. A. Cook
7559; M ; gassumpcao
7561; M ; Shawn Bayern
7565; M ; Derek
7569; M ; Stephen L. Moss
7584; F ; kandice stehlik
7585; M ; MaxSitting
7594; F ; Kristel Tretter
7597; F ; Inah Derby
7601; M ; Malone
7603; M ; Wupperhippo
7607; F ; C F de Rosset
7608; M ; rookieblue
7609; F ; detroitreads
7618; M ; Stipsky
7635; F ; Judy Guinan
7640; M ; Dan Darbandi
7641; M ; Moromis
7644; F ; Raphael Platt
7647; M ; Daniel T. Miller
7649; F ; Lanerd
7654; M ; Word And Mouth
7657; F ; shalclark
7665; M ; Christian Mitchell
7672; M ; Cooper Leith
7679; F ; Libby Gohn
7683; F ; Carolyne
7687; F ; Demosthenes
7688; M ; Leslie Walden
7691; M ; engineerdst
7697; M ; JustinJYN
7699; F ; DylanTG
7700; M ; Dave Wills
7702; F ; Linda Jenner
7704; M ; Robert Harder
7705; M ; Timothy Luke
7708; F ; Savannah
7713; M ; Sacha Chander
7717; F ; Astrid Fingerhut
7720; M ; jeffwiltzius
7729; M ; Tim Bower
7730; F ; Fiddlesticks
7732; M ; Daniel Vimont
7733; F ; Jewel Raquel
7737; F ; Elisabeth Sollog
7739; F ; Melissa Burns-Price
7746; M ; Tom Causby
7749; M ; Sammy Bean
7752; F ; Samantha Miles
7754; F ; Iridescat
7756; F ; Lynne Thompson
7762; F ; Fannie
7764; M ; Mike Nelson
7766; F ; Maryanka
7769; M ; David Biro
7777; M ; Jacob Paine
7780; F ; tazzle
7783; F ; Rebecca Owens
7786; M ; Kevin W. Davidson
7789; F ; Lauren Jane
7794; F ; mlcui
7795; M ; Cubrick
7796; M ; Raybrite
7800; F ; Arie
7802; F ; Samantha J Gubitz
7809; M ; D. T. McGregor
7816; F ; Stefanie Heinrichs
7823; M ; Bart in 't Veld
7825; M ; PDyer
7826; M ; Dave Shaw
7828; M ; Dan Mason
7832; M ; DJRickyV
7833; M ; Jesse Crisp-Sears
7835; M ; kageokami
7837; M ; Alfian
7839; F ; Loveday
7843; F ; Annette McGuinness
7848; M ; bala
7850; F ; Jill Engle
7859; F ; xinamarieuhl
7867; M ; nomorejeffs
7868; F ; Chessie Joy
7871; M ; Rocit
7874; M ; dgulino
7879; F ; deongines
7881; M ; Sam Naishtat
7883; F ; Annapurna
7886; F ; Mariah Lyons
7892; F ; Alexis Castro
7898; F ; Coreena
7902; M ; Kyle Van DeGlast
7909; M ; MGreenberg
7910; F ; southernemma
7912; M ; Nathan Dickey
7923; M ; amaskill
7925; F ; Etel Buss
7926; M ; Steven Reynolds
7932; F ; Tammy Stalcup
7933; F ; Highlandoaks
7938; M ; Goss45
7939; M ; DPranitis
7942; M ; Luke Sartor
7945; F ; Lois Browne
7946; F ; Flash
7949; M ; Jon Miller
7956; M ; Devon Purtz
7957; M ; Wiley Combs
7959; F ; Lily Took
7962; F ; Jolie O'Dell
7967; F ; Lois Hill
7975; M ; William A Crenshaw
7976; M ; JenniferRutters
7981; M ; timothyFR
7982; F ; Lori Arsenault
7988; M ; JaySands
7991; M ; Aaron Weber
7994; F ; Marian Cervassi
7995; F ; Marie Hoffman
7997; M ; Tom Merritt
8005; F ; Julia Wells
8006; M ; TyroneS
8008; M ; Paul Adamson
8009; F ; Frances Brown
8011; M ; Greg Giordano
8012; F ; WoollyBee
8014; F ; constatine
8015; F ; Underhill
8023; M ; JamesMcAndrew
8028; M ; Tom Geller
8033; M ; geoffbl
8040; F ; NatalieOram
8042; M ; Jack Watson Warr
8044; F ; Sarah Hannah
8050; M ; Jake Woldstad
8051; F ; Maria Kasper
8057; F ; Linda Dougherty
8058; M ; RLC
8063; M ; Robert Snoza
8066; M ; Tim Cote
8071; F ; Vanessa Garcia
8072; F ; Kimberly Krause
8075; F ; Melora
8080; F ; e.a.zokaites
8087; M ; Arnie Horton
8088; M ; Jason Bolestridge
8095; M ; Theodulf
8097; F ; lewildesen
8098; M ; Arnold
8108; M ; drakaunus
8112; F ; Christine Lamberton
8113; F ; PennyAnn
8118; F ; Katie McClain
8119; M ; Malcolm Cameron
8123; F ; Sheila Wood
8131; M ; Christian Alexander
8138; M ; Lee Smalley
8142; M ; Timothy Lucas
8143; M ; Nick Whitley
8148; F ; Xiph
8152; M ; Bigcowfeet
8156; F ; Brooke Cunningham
8163; F ; Greengecko
8164; M ; Rob Board
8168; F ; Kiera Davidson
8169; M ; tovarisch
8172; M ; Alan Weyman
8173; F ; emmablob
8176; M ; Jon Kerfoot
8180; F ; Elanor Sakamoto
8183; F ; Cheri Jordan
8188; M ; Matthew Calvin
8190; F ; Lisa Phelps Gonzalez
8193; F ; helengraves
8194; F ; MsMO
8195; M ; Mr Krause
8197; F ; Victoria P
8199; F ; maryagneskatherine
8200; M ; Dan S
8208; M ; zaanta
8215; M ; readread
8222; M ; Greg Golding
8224; M ; Leanne Kinkopf
8225; M ; Matt Lusher
8226; M ; Adam Picot
8228; F ; hgal2010
8230; M ; David Jenkins
8238; F ; Madam Fickle
8240; F ; Gertrude Durette
8242; F ; Anita Slusser
8245; M ; gscheids
8246; M ; beeveeo
8250; M ; Stephen Gibbons
8254; F ; Jeana Wei
8259; F ; Lawrence
8262; M ; Jack Powell
8266; M ; Jeff K.
8272; F ; Haili
8273; M ; Lucas Boulding
8280; F ; AlaynaMay
8288; M ; Wayne Donovan
8291; M ; Elliot Gage
8295; F ; Susan Morin
8296; F ; Bria Snow
8297; M ; David Mecionis
8300; F ; Judith Parker
8302; F ; Charlotte Day
8307; M ; Nick Bulka
8312; F ; Jaimie Noy
8316; M ; Rocket Rodger
8321; F ; SamR
8322; M ; yeknod
8324; F ; Kathy Wright
8328; M ; William Gavula
8329; F ; Betty Perry
8334; M ; Doug Reed
8337; F ; Claudia Salto
8346; M ; Al Rocca
8347; M ; Terry Torres
8356; M ; Paul Mazumdar
8367; M ; ophiuroidea
8382; F ; Claire Schreuder
8388; F ; Jacki Horn
8389; M ; Steven Bateman
8392; F ; Katharina Huang
8394; M ; Matthew Walker
8396; M ; gloriousjob
8401; M ; Alexander Hatton
8404; F ; Lynne Ray
8410; F ; Shauna Kennett
8413; M ; PaulMichael1084
8414; F ; jtueller
8415; F ; Rusty Dancer
8419; M ; Jon Kissack
8421; F ; Jackie Drown
8422; M ; pjhoury
8424; F ; Schums
8425; M ; Larry Wilson
8430; F ; shihping
8432; F ; Emma Joyce
8441; F ; ryoko
8443; F ; Marsha Payne
8444; M ; Anthony Webster
8445; M ; Brett G. Hirsch
8447; F ; Anastasiia Solokha
8455; M ; thecheops
8459; M ; sdaeley17
8461; F ; Allie Cingi
8463; F ; Michele Fry
8464; M ; HappyMiamiDad
8465; F ; TinaNygard2
8466; M ; Chris Cartwright
8468; F ; Jennifer Dorr
8470; F ; Rebecca Braunert-Plunkett
8474; M ; Scott Snowman
8476; F ; Julie Mansius
8479; M ; R.W. Rushing
8490; M ; Matt Parker
8494; M ; Bill Yallalee
8498; M ; Ian Quinlan
8499; M ; ReadAllDay
8500; M ; Ravi Shankar
8506; F ; Denise Nordell
8527; M ; Gary Bohannon
8531; M ; imenadel
8534; M ; Chris Clark
8536; M ; Jonathan Brubaker
8543; F ; luckyemma
8544; F ; Pooja DSr
8545; F ; Joanne Rochon
8555; F ; Michelle Goode
8565; M ; Patrick Eaton
8573; F ; Paige G
8575; M ; Jeremy Robertson
8576; M ; Phil Schempf
8580; M ; Gary Dana
8587; M ; Drew Johnson
8590; M ; bobrose
8591; F ; Jude Somers
8592; M ; Dylan Posa
8605; F ; Kate Sterner
8609; M ; noblesavage
8619; M ; Tad E.
8625; F ; Ellen Preckel
8629; M ; Shivansh Dhar
8630; M ; Eduardo
8631; M ; Edward Kirkby
8632; M ; Geremia
8635; M ; ACBowgus
8643; M ; jabc1950
8644; F ; Eenae
8664; F ; Pam Castille
8666; M ; josembi
8671; M ; Simon Smoke
8675; M ; Larry Greene
8677; F ; KHand
8678; F ; Amy
8684; F ; Alison Stewart
8687; M ; EccentricOwl
8699; F ; Jessica Atha
8705; M ; dsilber01
8710; M ; Ralph Crown
8713; M ; Expatriate
8718; F ; Deena Rhoads
8722; F ; Emily Maynard
8725; M ; Gary Ericson
8742; M ; Adam Taylor
8747; M ; DeanOBuchanan
8753; M ; Walt Allan
8758; M ; Krzysztof Rowinski
8765; M ; jciesielski
8770; M ; Paul Simonin
8771; F ; Anna Millard
8772; M ; Martin Reyto
8776; F ; Taliesin
8778; F ; Francoise
8786; M ; Bruce Kachuk
8791; M ; ScottReyonoldsVoice
8797; M ; Sean Grabosky
8799; M ; Peter Tucker
8803; M ; Ben Lindsey-Clark
8808; M ; davidpr
8820; M ; Ignare
8824; M ; Mark Johnston
8825; F ; Erin Schellhase
8838; M ; Kevin Owens
8842; F ; Mary J
8846; F ; MariaS
8848; M ; Craig Kenneth Bryant
8855; M ; Eric Metzler
8867; F ; sorbet87
8875; M ; David D'Huet
8879; M ; Son of the Exiles
8887; M ; Andrew Hernandez
8897; F ; beyondutopia
8975; F ; Daisy Flaim
9000; M ; Ramon Escamilla
9022; F ; Claire M
9023; F ; P. J. Morgan
9026; F ; Tammy Porter
